,switch_random,Run,Cooperators,Defectors,Strat_Cooperate,Strat_Defect,Strat_Random,Strat_TFT,Strat_WSLS
0,0.0,0,10392,10708,120,333,149,224,229
1,0.0,1,10712,10388,131,302,208,229,185
2,0.0,2,10830,10270,128,307,163,234,223
3,0.0,3,10826,10274,132,300,200,223,200
4,0.0,4,11018,10082,168,296,198,176,217
5,0.0,5,10124,10976,119,318,191,255,172
6,0.0,6,11800,9300,133,242,210,235,235
7,0.0,7,10611,10489,128,311,188,199,229
8,0.0,8,10664,10436,121,311,186,218,219
9,0.0,9,9845,11255,104,342,179,194,236
10,0.0,10,9847,11253,136,349,178,228,164
11,0.0,11,10817,10283,164,308,180,208,195
12,0.0,12,10827,10273,156,315,174,202,208
13,0.0,13,10692,10408,105,294,191,244,221
14,0.0,14,12108,8992,150,245,167,249,244
15,0.0,15,9132,11968,96,361,243,189,166
16,0.0,16,10066,11034,132,323,212,206,182
17,0.0,17,9852,11248,119,345,185,223,183
18,0.0,18,9941,11159,109,317,214,193,222
19,0.0,19,9763,11337,132,340,201,208,174
20,0.0,20,9823,11277,146,333,195,219,162
21,0.0,21,10314,10786,117,310,190,232,206
22,0.0,22,10102,10998,105,299,216,242,193
23,0.0,23,10556,10544,124,295,218,217,201
24,0.0,24,10508,10592,112,318,173,238,214
25,0.0,25,9079,12021,88,370,167,242,188
26,0.0,26,10367,10733,117,300,205,217,216
27,0.0,27,9995,11105,125,345,171,207,207
28,0.0,28,10184,10916,144,338,178,183,212
29,0.0,29,10684,10416,158,302,193,242,160
30,0.0,30,10212,10888,147,331,163,209,205
31,0.0,31,10539,10561,119,311,174,230,221
32,0.0,32,11243,9857,93,260,195,299,208
33,0.0,33,11568,9532,149,245,238,248,175
34,0.0,34,10572,10528,146,320,167,215,207
35,0.0,35,9724,11376,125,358,161,201,210
36,0.0,36,10972,10128,150,295,191,204,215
37,0.0,37,10206,10894,148,342,154,210,201
38,0.0,38,10631,10469,125,305,189,194,242
39,0.0,39,10028,11072,116,319,237,202,181
40,0.0,40,9611,11489,140,346,203,205,161
41,0.0,41,9844,11256,131,345,175,195,209
42,0.0,42,10539,10561,152,301,225,171,206
43,0.0,43,10430,10670,122,325,169,224,215
44,0.0,44,11436,9664,152,268,202,248,185
45,0.0,45,11428,9672,137,260,197,218,243
46,0.0,46,10361,10739,117,314,175,233,216
47,0.0,47,10464,10636,121,309,170,242,213
48,0.0,48,10491,10609,132,314,180,212,217
49,0.0,49,10612,10488,131,308,198,212,206
50,0.05555555555555555,50,9873,11227,129,329,215,194,188
51,0.05555555555555555,51,10619,10481,139,324,188,214,190
52,0.05555555555555555,52,9910,11190,97,342,178,229,209
53,0.05555555555555555,53,11042,10058,140,282,195,261,177
54,0.05555555555555555,54,11278,9822,157,298,166,221,213
55,0.05555555555555555,55,9996,11104,154,326,212,202,161
56,0.05555555555555555,56,10686,10414,125,295,204,240,191
57,0.05555555555555555,57,10558,10542,147,315,177,266,150
58,0.05555555555555555,58,10605,10495,115,302,188,237,213
59,0.05555555555555555,59,11300,9800,152,280,175,275,173
60,0.05555555555555555,60,9886,11214,125,322,214,209,185
61,0.05555555555555555,61,10794,10306,152,325,147,213,218
62,0.05555555555555555,62,8995,12105,117,380,201,193,164
63,0.05555555555555555,63,10122,10978,127,320,216,218,174
64,0.05555555555555555,64,9630,11470,105,378,155,232,185
65,0.05555555555555555,65,8885,12215,78,359,217,211,190
66,0.05555555555555555,66,10124,10976,108,339,193,197,218
67,0.05555555555555555,67,9880,11220,124,331,201,217,182
68,0.05555555555555555,68,10628,10472,118,314,181,251,191
69,0.05555555555555555,69,11978,9122,160,265,192,224,214
70,0.05555555555555555,70,10943,10157,85,282,184,280,224
71,0.05555555555555555,71,9770,11330,152,335,187,212,169
72,0.05555555555555555,72,10856,10244,146,292,209,198,210
73,0.05555555555555555,73,10050,11050,141,311,211,206,186
74,0.05555555555555555,74,9565,11535,109,332,224,212,178
75,0.05555555555555555,75,11489,9611,147,286,155,242,225
76,0.05555555555555555,76,10580,10520,168,325,197,183,182
77,0.05555555555555555,77,11421,9679,117,260,217,243,218
78,0.05555555555555555,78,9965,11135,128,332,222,176,197
79,0.05555555555555555,79,11071,10029,125,317,142,230,241
80,0.05555555555555555,80,10852,10248,127,299,206,236,187
81,0.05555555555555555,81,10503,10597,98,312,179,249,217
82,0.05555555555555555,82,10444,10656,166,323,176,205,185
83,0.05555555555555555,83,9179,11921,139,375,189,188,164
84,0.05555555555555555,84,10487,10613,118,298,205,218,216
85,0.05555555555555555,85,10920,10180,144,295,200,228,188
86,0.05555555555555555,86,11504,9596,155,276,192,243,189
87,0.05555555555555555,87,10009,11091,116,348,148,250,193
88,0.05555555555555555,88,11452,9648,147,270,182,252,204
89,0.05555555555555555,89,10438,10662,133,300,188,249,185
90,0.05555555555555555,90,10167,10933,122,294,249,209,181
91,0.05555555555555555,91,10893,10207,138,307,177,239,194
92,0.05555555555555555,92,10679,10421,136,308,173,233,205
93,0.05555555555555555,93,10262,10838,117,325,185,214,214
94,0.05555555555555555,94,9848,11252,96,345,187,260,167
95,0.05555555555555555,95,10911,10189,129,293,190,241,202
96,0.05555555555555555,96,11830,9270,154,262,194,267,178
97,0.05555555555555555,97,9961,11139,113,340,172,211,219
98,0.05555555555555555,98,10168,10932,114,302,185,236,218
99,0.05555555555555555,99,9585,11515,131,352,204,209,159
100,0.1111111111111111,100,10479,10621,131,308,196,211,209
101,0.1111111111111111,101,9389,11711,101,373,183,192,206
102,0.1111111111111111,102,10244,10856,155,347,164,217,172
103,0.1111111111111111,103,10431,10669,114,325,181,216,219
104,0.1111111111111111,104,10966,10134,135,293,208,212,207
105,0.1111111111111111,105,11151,9949,115,303,170,248,219
106,0.1111111111111111,106,11384,9716,142,270,195,260,188
107,0.1111111111111111,107,10775,10325,108,271,222,232,222
108,0.1111111111111111,108,9290,11810,119,332,221,226,157
109,0.1111111111111111,109,10188,10912,148,322,218,195,172
110,0.1111111111111111,110,9319,11781,113,372,170,213,187
111,0.1111111111111111,111,10126,10974,96,333,188,229,209
112,0.1111111111111111,112,11927,9173,135,281,160,269,210
113,0.1111111111111111,113,11773,9327,171,266,196,225,197
114,0.1111111111111111,114,10735,10365,139,306,150,245,215
115,0.1111111111111111,115,10100,11000,110,350,168,191,236
116,0.1111111111111111,116,8969,12131,118,393,162,176,206
117,0.1111111111111111,117,9676,11424,110,328,228,188,201
118,0.1111111111111111,118,10859,10241,142,288,171,265,189
119,0.1111111111111111,119,11295,9805,148,289,200,216,202
120,0.1111111111111111,120,10153,10947,119,348,170,225,193
121,0.1111111111111111,121,10685,10415,129,299,185,264,178
122,0.1111111111111111,122,10333,10767,142,314,205,243,151
123,0.1111111111111111,123,11296,9804,180,271,186,224,194
124,0.1111111111111111,124,9820,11280,126,341,149,272,167
125,0.1111111111111111,125,11212,9888,138,268,151,264,234
126,0.1111111111111111,126,10455,10645,108,327,146,233,241
127,0.1111111111111111,127,11129,9971,135,286,219,204,211
128,0.1111111111111111,128,10325,10775,132,323,183,189,228
129,0.1111111111111111,129,10707,10393,117,309,165,250,214
130,0.1111111111111111,130,10790,10310,127,310,191,197,230
131,0.1111111111111111,131,10524,10576,149,306,189,217,194
132,0.1111111111111111,132,10618,10482,134,310,198,201,212
133,0.1111111111111111,133,9390,11710,98,355,182,222,198
134,0.1111111111111111,134,9934,11166,119,354,165,208,209
135,0.1111111111111111,135,9930,11170,108,337,155,242,213
136,0.1111111111111111,136,8916,12184,111,373,216,180,175
137,0.1111111111111111,137,10701,10399,133,307,174,273,168
138,0.1111111111111111,138,11234,9866,111,268,201,246,229
139,0.1111111111111111,139,10776,10324,146,298,182,227,202
140,0.1111111111111111,140,10294,10806,121,345,185,193,211
141,0.1111111111111111,141,10604,10496,129,291,203,229,203
142,0.1111111111111111,142,10738,10362,141,316,165,243,190
143,0.1111111111111111,143,11602,9498,157,268,211,210,209
144,0.1111111111111111,144,10537,10563,151,315,178,202,209
145,0.1111111111111111,145,10186,10914,134,331,192,209,189
146,0.1111111111111111,146,11419,9681,131,279,206,259,180
147,0.1111111111111111,147,11810,9290,182,284,154,227,208
148,0.1111111111111111,148,11463,9637,159,266,203,208,219
149,0.1111111111111111,149,9345,11755,108,355,210,205,177
150,0.16666666666666666,150,10420,10680,133,309,193,230,190
151,0.16666666666666666,151,10645,10455,113,280,237,212,213
152,0.16666666666666666,152,11958,9142,163,250,178,242,222
153,0.16666666666666666,153,11037,10063,149,263,199,238,206
154,0.16666666666666666,154,10906,10194,119,286,215,256,179
155,0.16666666666666666,155,10095,11005,115,339,190,220,191
156,0.16666666666666666,156,10298,10802,115,311,215,234,180
157,0.16666666666666666,157,9779,11321,163,334,184,206,168
158,0.16666666666666666,158,10382,10718,125,338,157,201,234
159,0.16666666666666666,159,11852,9248,183,240,183,233,216
160,0.16666666666666666,160,10268,10832,100,316,174,247,218
161,0.16666666666666666,161,10422,10678,137,341,145,223,209
162,0.16666666666666666,162,10469,10631,121,350,168,235,181
163,0.16666666666666666,163,10532,10568,150,327,168,227,183
164,0.16666666666666666,164,11094,10006,125,275,170,252,233
165,0.16666666666666666,165,10353,10747,119,324,173,234,205
166,0.16666666666666666,166,11731,9369,145,268,205,223,214
167,0.16666666666666666,167,10372,10728,136,317,201,213,188
168,0.16666666666666666,168,10202,10898,134,351,180,228,162
169,0.16666666666666666,169,10519,10581,119,306,166,272,192
170,0.16666666666666666,170,9457,11643,84,323,200,239,209
171,0.16666666666666666,171,12492,8608,148,218,224,274,191
172,0.16666666666666666,172,9836,11264,110,337,180,203,225
173,0.16666666666666666,173,9936,11164,151,340,207,190,167
174,0.16666666666666666,174,10098,11002,142,341,173,227,172
175,0.16666666666666666,175,10059,11041,131,349,157,219,199
176,0.16666666666666666,176,11608,9492,157,244,196,230,228
177,0.16666666666666666,177,10652,10448,137,321,181,219,197
178,0.16666666666666666,178,11095,10005,159,284,178,229,205
179,0.16666666666666666,179,10003,11097,112,325,180,269,169
180,0.16666666666666666,180,10512,10588,138,321,163,189,244
181,0.16666666666666666,181,10668,10432,133,301,198,209,214
182,0.16666666666666666,182,9252,11848,103,388,183,187,194
183,0.16666666666666666,183,9686,11414,114,342,220,182,197
184,0.16666666666666666,184,11851,9249,156,269,153,265,212
185,0.16666666666666666,185,10900,10200,124,300,188,209,234
186,0.16666666666666666,186,10811,10289,111,288,201,286,169
187,0.16666666666666666,187,10512,10588,119,293,239,239,165
188,0.16666666666666666,188,10895,10205,145,295,175,212,228
189,0.16666666666666666,189,10547,10553,140,322,208,205,180
190,0.16666666666666666,190,11614,9486,142,294,152,249,218
191,0.16666666666666666,191,10719,10381,130,275,217,225,208
192,0.16666666666666666,192,10369,10731,141,327,162,204,221
193,0.16666666666666666,193,9833,11267,136,358,198,156,207
194,0.16666666666666666,194,9361,11739,134,369,147,210,195
195,0.16666666666666666,195,10082,11018,91,321,217,228,198
196,0.16666666666666666,196,10872,10228,120,268,211,248,208
197,0.16666666666666666,197,10940,10160,125,299,190,201,240
198,0.16666666666666666,198,11037,10063,168,326,122,224,215
199,0.16666666666666666,199,10201,10899,138,317,200,193,207
200,0.2222222222222222,200,11048,10052,141,281,188,227,218
201,0.2222222222222222,201,9525,11575,88,370,198,212,187
202,0.2222222222222222,202,10221,10879,114,322,205,224,190
203,0.2222222222222222,203,10315,10785,148,306,210,206,185
204,0.2222222222222222,204,9759,11341,135,335,202,197,186
205,0.2222222222222222,205,9601,11499,123,356,192,228,156
206,0.2222222222222222,206,11421,9679,122,291,178,243,221
207,0.2222222222222222,207,10626,10474,126,295,219,200,215
208,0.2222222222222222,208,9743,11357,137,335,189,225,169
209,0.2222222222222222,209,10003,11097,147,340,199,208,161
210,0.2222222222222222,210,9661,11439,132,348,198,217,160
211,0.2222222222222222,211,9571,11529,123,336,215,208,173
212,0.2222222222222222,212,10503,10597,130,322,176,203,224
213,0.2222222222222222,213,11363,9737,183,300,191,213,168
214,0.2222222222222222,214,10165,10935,117,319,221,235,163
215,0.2222222222222222,215,10343,10757,145,317,170,212,211
216,0.2222222222222222,216,9354,11746,107,355,170,225,198
217,0.2222222222222222,217,10362,10738,154,335,171,209,186
218,0.2222222222222222,218,10736,10364,143,302,230,193,187
219,0.2222222222222222,219,10250,10850,130,334,160,271,160
220,0.2222222222222222,220,9036,12064,116,362,178,223,176
221,0.2222222222222222,221,10602,10498,131,318,162,229,215
222,0.2222222222222222,222,10956,10144,141,291,197,249,177
223,0.2222222222222222,223,11779,9321,143,257,185,271,199
224,0.2222222222222222,224,9403,11697,117,327,203,200,208
225,0.2222222222222222,225,10332,10768,139,316,188,216,196
226,0.2222222222222222,226,9711,11389,104,351,197,193,210
227,0.2222222222222222,227,10515,10585,140,290,210,219,196
228,0.2222222222222222,228,10340,10760,151,312,199,222,171
229,0.2222222222222222,229,11543,9557,146,258,203,255,193
230,0.2222222222222222,230,10434,10666,116,289,213,240,197
231,0.2222222222222222,231,10930,10170,147,300,175,207,226
232,0.2222222222222222,232,10448,10652,140,316,197,229,173
233,0.2222222222222222,233,10489,10611,118,299,230,253,155
234,0.2222222222222222,234,10230,10870,120,314,223,259,139
235,0.2222222222222222,235,10640,10460,140,310,193,227,185
236,0.2222222222222222,236,10859,10241,157,296,174,248,180
237,0.2222222222222222,237,10955,10145,130,282,188,244,211
238,0.2222222222222222,238,10295,10805,141,314,175,224,201
239,0.2222222222222222,239,11542,9558,134,259,160,269,233
240,0.2222222222222222,240,10538,10562,132,326,207,234,156
241,0.2222222222222222,241,10870,10230,126,261,234,251,183
242,0.2222222222222222,242,10176,10924,153,319,171,221,191
243,0.2222222222222222,243,10310,10790,136,313,182,251,173
244,0.2222222222222222,244,9860,11240,124,324,176,253,178
245,0.2222222222222222,245,9662,11438,130,342,184,207,192
246,0.2222222222222222,246,11370,9730,118,305,159,288,185
247,0.2222222222222222,247,11135,9965,158,310,174,213,200
248,0.2222222222222222,248,11072,10028,141,314,166,224,210
249,0.2222222222222222,249,10916,10184,169,271,186,263,166
250,0.2777777777777778,250,9571,11529,128,375,147,215,190
251,0.2777777777777778,251,11184,9916,148,286,189,204,228
252,0.2777777777777778,252,10924,10176,157,350,138,221,189
253,0.2777777777777778,253,11198,9902,155,283,176,263,178
254,0.2777777777777778,254,10715,10385,156,310,194,224,171
255,0.2777777777777778,255,11178,9922,112,287,194,264,198
256,0.2777777777777778,256,10674,10426,125,329,147,246,208
257,0.2777777777777778,257,10133,10967,147,353,188,215,152
258,0.2777777777777778,258,10495,10605,136,310,203,196,210
259,0.2777777777777778,259,10229,10871,124,306,198,219,208
260,0.2777777777777778,260,10646,10454,135,312,195,187,226
261,0.2777777777777778,261,10332,10768,150,329,192,165,219
262,0.2777777777777778,262,12100,9000,159,245,162,247,242
263,0.2777777777777778,263,10764,10336,133,326,163,237,196
264,0.2777777777777778,264,11275,9825,162,277,197,242,177
265,0.2777777777777778,265,9814,11286,127,335,193,231,169
266,0.2777777777777778,266,10498,10602,133,300,201,237,184
267,0.2777777777777778,267,10307,10793,143,305,211,202,194
268,0.2777777777777778,268,10669,10431,128,307,184,251,185
269,0.2777777777777778,269,11853,9247,114,287,195,279,180
270,0.2777777777777778,270,10717,10383,110,304,206,216,219
271,0.2777777777777778,271,9813,11287,117,345,178,228,187
272,0.2777777777777778,272,11372,9728,141,274,213,245,182
273,0.2777777777777778,273,9905,11195,105,342,178,219,211
274,0.2777777777777778,274,10466,10634,146,295,211,197,206
275,0.2777777777777778,275,10387,10713,122,344,193,224,172
276,0.2777777777777778,276,11038,10062,125,311,178,255,186
277,0.2777777777777778,277,10199,10901,124,317,210,208,196
278,0.2777777777777778,278,10661,10439,104,309,220,217,205
279,0.2777777777777778,279,10024,11076,114,303,213,234,191
280,0.2777777777777778,280,10504,10596,127,316,185,222,205
281,0.2777777777777778,281,11204,9896,130,270,217,250,188
282,0.2777777777777778,282,10004,11096,120,327,208,234,166
283,0.2777777777777778,283,11117,9983,163,259,193,240,200
284,0.2777777777777778,284,10374,10726,147,319,198,216,175
285,0.2777777777777778,285,10326,10774,128,309,209,202,207
286,0.2777777777777778,286,10237,10863,116,339,176,205,219
287,0.2777777777777778,287,10672,10428,149,306,166,220,214
288,0.2777777777777778,288,10434,10666,173,314,152,210,206
289,0.2777777777777778,289,10485,10615,124,309,190,247,185
290,0.2777777777777778,290,11832,9268,143,274,181,238,219
291,0.2777777777777778,291,10784,10316,124,325,184,192,230
292,0.2777777777777778,292,9545,11555,104,352,208,187,204
293,0.2777777777777778,293,11670,9430,131,272,209,220,223
294,0.2777777777777778,294,10533,10567,112,317,190,198,238
295,0.2777777777777778,295,9764,11336,113,361,198,222,161
296,0.2777777777777778,296,11137,9963,136,290,162,284,183
297,0.2777777777777778,297,10165,10935,112,341,169,227,206
298,0.2777777777777778,298,10480,10620,125,304,194,236,196
299,0.2777777777777778,299,10616,10484,114,319,195,247,180
300,0.3333333333333333,300,10134,10966,134,315,200,210,196
301,0.3333333333333333,301,11642,9458,127,276,204,240,208
302,0.3333333333333333,302,10211,10889,116,302,228,212,197
303,0.3333333333333333,303,11269,9831,128,285,232,243,167
304,0.3333333333333333,304,10551,10549,127,327,207,206,188
305,0.3333333333333333,305,9760,11340,127,334,205,211,178
306,0.3333333333333333,306,9547,11553,123,348,171,242,171
307,0.3333333333333333,307,11029,10071,143,315,143,247,207
308,0.3333333333333333,308,11368,9732,139,272,168,259,217
309,0.3333333333333333,309,10393,10707,127,318,191,199,220
310,0.3333333333333333,310,9705,11395,139,342,183,206,185
311,0.3333333333333333,311,10510,10590,145,309,178,237,186
312,0.3333333333333333,312,10396,10704,123,326,216,186,204
313,0.3333333333333333,313,10508,10592,153,324,146,216,216
314,0.3333333333333333,314,11169,9931,168,266,220,194,207
315,0.3333333333333333,315,9370,11730,133,352,168,229,173
316,0.3333333333333333,316,10674,10426,147,329,191,204,184
317,0.3333333333333333,317,11149,9951,142,275,183,233,222
318,0.3333333333333333,318,10272,10828,111,325,209,218,192
319,0.3333333333333333,319,9158,11942,130,371,199,202,153
320,0.3333333333333333,320,9071,12029,139,400,189,185,142
321,0.3333333333333333,321,11787,9313,155,281,192,217,210
322,0.3333333333333333,322,10697,10403,161,289,181,226,198
323,0.3333333333333333,323,10087,11013,121,330,192,233,179
324,0.3333333333333333,324,10959,10141,152,324,176,244,159
325,0.3333333333333333,325,9980,11120,124,333,207,237,154
326,0.3333333333333333,326,8731,12369,128,393,158,199,177
327,0.3333333333333333,327,11674,9426,163,279,175,243,195
328,0.3333333333333333,328,9890,11210,137,350,167,172,229
329,0.3333333333333333,329,9738,11362,137,346,155,247,170
330,0.3333333333333333,330,10353,10747,151,341,191,189,183
331,0.3333333333333333,331,11019,10081,134,288,170,230,233
332,0.3333333333333333,332,10197,10903,132,309,183,251,180
333,0.3333333333333333,333,10222,10878,150,367,179,193,166
334,0.3333333333333333,334,10601,10499,121,330,192,222,190
335,0.3333333333333333,335,10758,10342,155,313,191,213,183
336,0.3333333333333333,336,9742,11358,154,355,170,200,176
337,0.3333333333333333,337,10089,11011,144,329,183,210,189
338,0.3333333333333333,338,10824,10276,107,309,169,251,219
339,0.3333333333333333,339,9500,11600,114,349,191,225,176
340,0.3333333333333333,340,9482,11618,108,384,171,209,183
341,0.3333333333333333,341,10823,10277,124,308,197,222,204
342,0.3333333333333333,342,11634,9466,142,270,190,243,210
343,0.3333333333333333,343,11061,10039,126,279,190,235,225
344,0.3333333333333333,344,10110,10990,134,337,161,230,193
345,0.3333333333333333,345,10885,10215,140,324,167,217,207
346,0.3333333333333333,346,10134,10966,118,324,239,221,153
347,0.3333333333333333,347,9876,11224,120,356,191,186,202
348,0.3333333333333333,348,11089,10011,125,330,157,246,197
349,0.3333333333333333,349,10430,10670,171,320,182,215,167
350,0.38888888888888884,350,11238,9862,128,274,213,215,225
351,0.38888888888888884,351,9615,11485,109,367,191,192,196
352,0.38888888888888884,352,10142,10958,99,326,205,250,175
353,0.38888888888888884,353,9931,11169,160,346,148,236,165
354,0.38888888888888884,354,10749,10351,125,290,196,222,222
355,0.38888888888888884,355,9769,11331,140,327,177,203,208
356,0.38888888888888884,356,11480,9620,139,275,194,251,196
357,0.38888888888888884,357,9877,11223,117,327,187,253,171
358,0.38888888888888884,358,11050,10050,132,278,185,251,209
359,0.38888888888888884,359,10342,10758,155,324,177,195,204
360,0.38888888888888884,360,10017,11083,150,315,186,207,197
361,0.38888888888888884,361,11188,9912,149,274,215,235,182
362,0.38888888888888884,362,8867,12233,107,415,193,163,177
363,0.38888888888888884,363,11365,9735,121,270,176,249,239
364,0.38888888888888884,364,10036,11064,149,311,173,241,181
365,0.38888888888888884,365,10936,10164,156,306,187,218,188
366,0.38888888888888884,366,10817,10283,134,296,202,195,228
367,0.38888888888888884,367,9766,11334,146,345,233,163,168
368,0.38888888888888884,368,11203,9897,136,287,202,228,202
369,0.38888888888888884,369,10333,10767,145,296,193,214,207
370,0.38888888888888884,370,10785,10315,120,270,200,259,206
371,0.38888888888888884,371,10465,10635,158,301,211,207,178
372,0.38888888888888884,372,9941,11159,145,344,191,193,182
373,0.38888888888888884,373,11008,10092,146,325,197,174,213
374,0.38888888888888884,374,10522,10578,127,335,180,210,203
375,0.38888888888888884,375,10964,10136,129,286,188,211,241
376,0.38888888888888884,376,11184,9916,131,285,191,232,216
377,0.38888888888888884,377,10658,10442,132,326,165,229,203
378,0.38888888888888884,378,10734,10366,120,295,188,251,201
379,0.38888888888888884,379,10141,10959,140,352,172,212,179
380,0.38888888888888884,380,10458,10642,126,326,190,228,185
381,0.38888888888888884,381,9631,11469,135,367,186,176,191
382,0.38888888888888884,382,9417,11683,118,359,181,202,195
383,0.38888888888888884,383,9972,11128,130,320,184,224,197
384,0.38888888888888884,384,11401,9699,158,278,186,215,218
385,0.38888888888888884,385,9909,11191,133,336,196,226,164
386,0.38888888888888884,386,10626,10474,142,331,149,219,214
387,0.38888888888888884,387,10670,10430,115,331,200,210,199
388,0.38888888888888884,388,10733,10367,148,282,196,218,211
389,0.38888888888888884,389,11046,10054,133,280,197,224,221
390,0.38888888888888884,390,9972,11128,144,362,156,200,193
391,0.38888888888888884,391,10833,10267,120,286,214,222,213
392,0.38888888888888884,392,11768,9332,127,284,215,232,197
393,0.38888888888888884,393,11235,9865,155,286,165,247,202
394,0.38888888888888884,394,10057,11043,149,332,169,237,168
395,0.38888888888888884,395,9398,11702,133,358,169,209,186
396,0.38888888888888884,396,10713,10387,160,302,192,212,189
397,0.38888888888888884,397,9814,11286,99,367,167,243,179
398,0.38888888888888884,398,10685,10415,139,280,191,257,188
399,0.38888888888888884,399,10629,10471,122,339,175,226,193
400,0.4444444444444444,400,11308,9792,148,278,185,226,218
401,0.4444444444444444,401,10349,10751,149,367,175,191,173
402,0.4444444444444444,402,9772,11328,138,354,199,198,166
403,0.4444444444444444,403,9997,11103,122,342,180,220,191
404,0.4444444444444444,404,10993,10107,137,292,188,229,209
405,0.4444444444444444,405,11409,9691,133,268,176,244,234
406,0.4444444444444444,406,10767,10333,124,321,148,242,220
407,0.4444444444444444,407,10167,10933,112,349,208,203,183
408,0.4444444444444444,408,9955,11145,150,358,146,222,179
409,0.4444444444444444,409,10241,10859,132,342,162,230,189
410,0.4444444444444444,410,10847,10253,147,299,177,243,189
411,0.4444444444444444,411,10996,10104,145,305,183,260,162
412,0.4444444444444444,412,10507,10593,132,317,180,224,202
413,0.4444444444444444,413,10609,10491,145,316,202,194,198
414,0.4444444444444444,414,11373,9727,136,287,178,231,223
415,0.4444444444444444,415,10936,10164,148,295,199,199,214
416,0.4444444444444444,416,10289,10811,152,338,171,189,205
417,0.4444444444444444,417,10083,11017,125,363,165,201,201
418,0.4444444444444444,418,9991,11109,135,306,202,237,175
419,0.4444444444444444,419,9858,11242,126,343,162,258,166
420,0.4444444444444444,420,11135,9965,161,274,171,262,187
421,0.4444444444444444,421,10063,11037,142,325,175,239,174
422,0.4444444444444444,422,10611,10489,124,325,177,242,187
423,0.4444444444444444,423,10243,10857,135,326,152,239,203
424,0.4444444444444444,424,10638,10462,134,308,181,220,212
425,0.4444444444444444,425,9677,11423,135,384,190,194,152
426,0.4444444444444444,426,10258,10842,154,328,197,197,179
427,0.4444444444444444,427,9497,11603,128,387,172,220,148
428,0.4444444444444444,428,10306,10794,124,317,178,229,207
429,0.4444444444444444,429,10969,10131,147,293,191,232,192
430,0.4444444444444444,430,10793,10307,119,278,183,267,208
431,0.4444444444444444,431,11714,9386,132,291,190,213,229
432,0.4444444444444444,432,11117,9983,156,288,190,208,213
433,0.4444444444444444,433,10343,10757,149,344,187,227,148
434,0.4444444444444444,434,11806,9294,141,242,197,264,211
435,0.4444444444444444,435,10610,10490,118,298,189,242,208
436,0.4444444444444444,436,10221,10879,127,357,185,216,170
437,0.4444444444444444,437,10770,10330,136,312,194,204,209
438,0.4444444444444444,438,9639,11461,115,370,174,208,188
439,0.4444444444444444,439,11113,9987,119,292,206,232,206
440,0.4444444444444444,440,10807,10293,125,308,176,216,230
441,0.4444444444444444,441,10526,10574,150,302,196,225,182
442,0.4444444444444444,442,10429,10671,145,334,211,201,164
443,0.4444444444444444,443,10514,10586,131,307,167,223,227
444,0.4444444444444444,444,10754,10346,132,308,183,215,217
445,0.4444444444444444,445,10717,10383,145,315,172,217,206
446,0.4444444444444444,446,10766,10334,128,330,195,191,211
447,0.4444444444444444,447,10168,10932,125,344,196,206,184
448,0.4444444444444444,448,10620,10480,152,285,191,229,198
449,0.4444444444444444,449,9959,11141,131,331,193,229,171
450,0.5,450,10557,10543,162,310,177,227,179
451,0.5,451,10321,10779,169,324,174,195,193
452,0.5,452,11251,9849,151,274,182,231,217
453,0.5,453,10560,10540,144,308,174,228,201
454,0.5,454,10309,10791,149,306,182,211,207
455,0.5,455,11032,10068,147,283,161,239,225
456,0.5,456,10608,10492,135,324,190,219,187
457,0.5,457,10293,10807,142,328,185,229,171
458,0.5,458,10885,10215,143,299,183,219,211
459,0.5,459,11617,9483,151,278,159,274,193
460,0.5,460,11289,9811,157,327,181,212,178
461,0.5,461,11491,9609,169,276,171,227,212
462,0.5,462,10532,10568,138,314,192,217,194
463,0.5,463,10944,10156,125,302,185,249,194
464,0.5,464,11238,9862,169,285,197,209,195
465,0.5,465,9753,11347,127,346,178,195,209
466,0.5,466,10836,10264,153,304,173,236,189
467,0.5,467,10174,10926,134,327,197,224,173
468,0.5,468,11157,9943,167,280,187,212,209
469,0.5,469,10711,10389,129,331,195,225,175
470,0.5,470,10238,10862,137,335,197,206,180
471,0.5,471,10836,10264,142,300,176,230,207
472,0.5,472,10204,10896,121,339,186,225,184
473,0.5,473,10371,10729,148,337,181,219,170
474,0.5,474,11645,9455,141,249,236,242,187
475,0.5,475,10484,10616,130,300,202,217,206
476,0.5,476,10150,10950,117,330,221,206,181
477,0.5,477,10663,10437,129,331,159,264,172
478,0.5,478,10951,10149,138,286,190,241,200
479,0.5,479,10691,10409,152,298,158,219,228
480,0.5,480,10138,10962,132,314,194,228,187
481,0.5,481,12173,8927,143,278,160,230,244
482,0.5,482,10941,10159,139,302,154,258,202
483,0.5,483,11234,9866,135,294,181,222,223
484,0.5,484,10603,10497,153,323,191,217,171
485,0.5,485,10071,11029,138,326,198,216,177
486,0.5,486,10814,10286,141,330,171,224,189
487,0.5,487,11553,9547,172,257,177,250,199
488,0.5,488,9879,11221,133,383,154,190,195
489,0.5,489,9700,11400,152,347,190,187,179
490,0.5,490,9217,11883,129,344,206,209,167
491,0.5,491,11816,9284,166,295,135,260,199
492,0.5,492,11179,9921,152,285,189,242,187
493,0.5,493,10111,10989,130,345,195,196,189
494,0.5,494,10843,10257,139,305,214,224,173
495,0.5,495,11270,9830,147,299,180,230,199
496,0.5,496,10051,11049,139,316,175,218,207
497,0.5,497,10543,10557,130,345,175,231,174
498,0.5,498,11129,9971,145,299,215,223,173
499,0.5,499,10218,10882,147,318,174,230,186
